Study	LogFC	CILB	CIUB
Baxter, 2015, n=172	0.1278333715	-0.3709600988	0.6266268418
Goodrich, 2014, n=507	0.5747920511	0.204446455	0.9451376472
Ross, 2015, n=63	0.1795603954	-0.2348525027	0.5939732934
Escobar, 2014, n=30	0	-1.032795559	1.032795559
Zupancic, 2012, n=200	0.312374685	-0.0760764817	0.7008258518
Wu, 2012, n=63	-0.4372138064	-2.1920075479	1.3175799351
Turnbaugh, 2009, n=146	0.1823215568	-0.0487064109	0.4133495245
HMP, 2011, n=256	0.4700036292	-0.2964818566	1.2364891151
Pooled Outcome	0.2616397524	0.1162943644	0.4069851404
